respondent,question,response,codes
S1,5、你认为系统对黑盒效应的解释是否充分？还可以补充什么？,不太充分，补充可解释性机器学习的评价,可解释性与透明度
S1,6、如果该系统用于真实气象业务，你认为还需要增加哪些功能或治理机制？,对于阈值的设定和对于系统透明度的提升,可解释性与透明度;阈值与风险分级
S2,5、你认为系统对黑盒效应的解释是否充分？还可以补充什么？,对于电脑日常的话，我只能说还得加强。但对于日常无法显示很多天气信息的手机的话，还是算了吧,终端适配与使用场景
S2,6、如果该系统用于真实气象业务，你认为还需要增加哪些功能或治理机制？,能不能把预测给我做好了啊 我chovy,低信息或无关反馈
S3,5、你认为系统对黑盒效应的解释是否充分？还可以补充什么？,充分,认可现有设计
S3,6、如果该系统用于真实气象业务，你认为还需要增加哪些功能或治理机制？,不知道,低信息或无法判断
S4,5、你认为系统对黑盒效应的解释是否充分？还可以补充什么？,啥是黑盒效应?,概念理解仍需加强;可解释性与透明度
S4,6、如果该系统用于真实气象业务，你认为还需要增加哪些功能或治理机制？,增加充值系统，充值vip可以看到更多天气,低信息或无关反馈
S5,5、你认为系统对黑盒效应的解释是否充分？还可以补充什么？,不充分，实时监测数据,多源数据与交叉验证
S5,6、如果该系统用于真实气象业务，你认为还需要增加哪些功能或治理机制？,气象灾难预警，气象问题处理策略推荐,人工监督与责任流程
S6,5、你认为系统对黑盒效应的解释是否充分？还可以补充什么？,"解释并不充分，仅描述了表面现象。
可补充：成因、不同模型的黑盒差异、利弊影响、合规伦理问题、可解释方案及实际案例。",可解释性与透明度
S6,6、如果该系统用于真实气象业务，你认为还需要增加哪些功能或治理机制？,"简洁版答案
 
需新增功能：多源数据融合、实时预警、可视化研判、历史回溯、智能纠错。
需完善治理机制：数据质控、结果人工复核、权限管理、应急兜底、运维巡检与责任追溯。",多源数据与交叉验证;人工监督与责任流程;交互与可视化
S7,5、你认为系统对黑盒效应的解释是否充分？还可以补充什么？,充分，无,认可现有设计
S7,6、如果该系统用于真实气象业务，你认为还需要增加哪些功能或治理机制？,人工监察机制,人工监督与责任流程
