respondent_id,total_score,Q01_score,Q02_score,Q03_score,Q04_score,Q05_score,Q06_score,Q07_score,Q08_score,Q09_score,Q10_score,Q11_score,Q12_score,Q13_score,Q14_score,Q15_score,Q16_score,Q01_text,Q02_text,Q03_text,Q04_text,Q05_text,Q06_text,Q07_text,Q08_text,Q09_text,Q10_text,Q11_text,Q12_text,Q13_text,Q14_text,Q15_text,Q16_text,open_blackbox_explanation,open_business_governance
S1,69,5,5,4,5,3,4,5,4,5,4,5,4,4,5,4,3,非常同意,非常同意,同意,非常同意,一般,同意,非常同意,同意,非常同意,同意,非常同意,同意,同意,非常同意,同意,一般,不太充分，补充可解释性机器学习的评价,对于阈值的设定和对于系统透明度的提升
S2,68,5,5,5,5,4,5,5,5,5,4,5,1,5,3,1,5,非常同意,非常同意,非常同意,非常同意,同意,非常同意,非常同意,非常同意,非常同意,同意,非常同意,非常不同意,非常同意,一般,非常不同意,非常同意,对于电脑日常的话，我只能说还得加强。但对于日常无法显示很多天气信息的手机的话，还是算了吧,能不能把预测给我做好了啊 我chovy
S3,80,5,5,5,5,5,5,5,5,5,5,5,5,5,5,5,5,非常同意,非常同意,非常同意,非常同意,非常同意,非常同意,非常同意,非常同意,非常同意,非常同意,非常同意,非常同意,非常同意,非常同意,非常同意,非常同意,充分,不知道
S4,43,2,2,2,2,1,1,1,1,4,5,3,4,3,4,4,4,不同意,不同意,不同意,不同意,非常不同意,非常不同意,非常不同意,非常不同意,同意,非常同意,一般,同意,一般,同意,同意,同意,啥是黑盒效应?,增加充值系统，充值vip可以看到更多天气
S5,64,4,4,4,4,4,4,4,4,4,4,4,4,4,4,4,4,同意,同意,同意,同意,同意,同意,同意,同意,同意,同意,同意,同意,同意,同意,同意,同意,不充分，实时监测数据,气象灾难预警，气象问题处理策略推荐
S6,71,4,5,4,5,4,4,5,4,4,4,5,5,4,5,4,5,同意,非常同意,同意,非常同意,同意,同意,非常同意,同意,同意,同意,非常同意,非常同意,同意,非常同意,同意,非常同意,"解释并不充分，仅描述了表面现象。
可补充：成因、不同模型的黑盒差异、利弊影响、合规伦理问题、可解释方案及实际案例。","简洁版答案
 
需新增功能：多源数据融合、实时预警、可视化研判、历史回溯、智能纠错。
需完善治理机制：数据质控、结果人工复核、权限管理、应急兜底、运维巡检与责任追溯。"
S7,78,5,5,5,4,5,4,5,5,5,5,5,5,5,5,5,5,非常同意,非常同意,非常同意,同意,非常同意,同意,非常同意,非常同意,非常同意,非常同意,非常同意,非常同意,非常同意,非常同意,非常同意,非常同意,充分，无,人工监察机制
